timestamp,pid,rss_mb,vsz_mb,cpu_pct,mem_pct,sys_total_mb,sys_used_mb,sys_free_mb
2026-04-28 03:38:41,2671,333.7,20358.1,375,0.0,515002,19289,417167
2026-04-28 03:38:46,2671,334.1,20435.5,201,0.0,515002,19333,417123
2026-04-28 03:38:51,2671,359.3,20461.8,140,0.0,515002,19236,417273
2026-04-28 03:38:56,2671,377.3,20475.2,109,0.0,515002,18753,417754
2026-04-28 03:39:01,2671,378.1,20979.3,87.8,0.0,515002,18877,417510
2026-04-28 03:39:06,2671,379.4,21076.0,73.7,0.0,515002,18826,417514
2026-04-28 03:39:11,2671,9378.1,40502.3,97.9,1.8,515002,28055,408312
2026-04-28 03:39:16,2671,12143.1,43471.2,102,2.3,515002,30976,405368
2026-04-28 03:39:21,2671,12143.1,43471.2,91.1,2.3,515002,31238,405054
2026-04-28 03:39:26,2671,11113.9,41978.8,87.1,2.1,515002,30202,406090
2026-04-28 03:39:31,2671,48064.9,109208.0,88.3,9.3,515002,67320,368972
2026-04-28 03:39:36,2671,87565.8,142864.4,89.2,17.0,515002,106918,329411
2026-04-28 03:39:41,2671,44686.9,75551.5,105,8.6,515002,64043,372307
2026-04-28 03:39:46,2671,78628.0,109832.8,120,15.2,515002,97792,338557
2026-04-28 03:39:51,2671,78628.0,109832.8,165,15.2,515002,97783,338567
2026-04-28 03:39:56,2671,78628.0,109832.8,205,15.2,515002,97656,338748
2026-04-28 03:40:01,2671,78628.0,109832.8,240,15.2,515002,97233,339130
2026-04-28 03:40:06,2671,112284.5,143489.3,238,21.8,515002,131045,305192
2026-04-28 03:40:12,2671,112284.5,143489.3,231,21.8,515002,131041,305307
2026-04-28 03:40:17,2671,78628.0,109832.8,247,15.2,515002,97753,338594
2026-04-28 03:40:22,2671,78628.0,109832.8,271,15.2,515002,97860,338432
2026-04-28 03:40:27,2671,78628.0,109832.8,294,15.2,515002,97907,338385
2026-04-28 03:40:32,2671,78628.0,109832.8,316,15.2,515002,97870,338422
2026-04-28 03:40:37,2671,78628.0,109832.8,336,15.2,515002,97848,338444
2026-04-28 03:40:42,2671,78628.0,109832.8,354,15.2,515002,97913,338437
2026-04-28 03:40:47,2671,78628.0,109832.8,371,15.2,515002,97887,338463
2026-04-28 03:40:52,2671,78628.0,109832.8,387,15.2,515002,97864,338485
2026-04-28 03:40:57,2671,78628.0,109832.8,402,15.2,515002,97741,338661
2026-04-28 03:41:02,2671,78628.0,109832.8,415,15.2,515002,97245,339157
2026-04-28 03:41:07,2671,78628.0,109832.8,428,15.2,515002,97393,338849
2026-04-28 03:41:12,2671,78628.0,109832.8,440,15.2,515002,97362,338983
2026-04-28 03:41:17,2671,78628.0,109832.8,451,15.2,515002,97618,338728
2026-04-28 03:41:22,2671,78628.0,109832.8,462,15.2,515002,97800,338490
2026-04-28 03:41:27,2671,78628.0,109832.8,472,15.2,515002,97855,338435
2026-04-28 03:41:32,2671,78628.0,109832.8,481,15.2,515002,97830,338460
2026-04-28 03:41:37,2671,78628.0,109832.8,490,15.2,515002,97826,338464
2026-04-28 03:41:42,2671,78628.0,109832.8,498,15.2,515002,97917,338431
2026-04-28 03:41:47,2671,78628.0,109832.8,506,15.2,515002,97905,338443
2026-04-28 03:41:52,2671,78628.0,109832.8,513,15.2,515002,97896,338451
2026-04-28 03:41:57,2671,78628.0,109832.8,520,15.2,515002,97790,338612
2026-04-28 03:42:02,2671,78628.0,109832.8,527,15.2,515002,97291,339109
2026-04-28 03:42:07,2671,78628.0,109832.8,534,15.2,515002,97390,338896
2026-04-28 03:42:12,2671,78628.0,109832.8,540,15.2,515002,97416,338819
2026-04-28 03:42:17,2671,78628.0,109832.8,546,15.2,515002,97575,338770
2026-04-28 03:42:22,2671,78628.0,109832.8,551,15.2,515002,97742,338582
2026-04-28 03:42:27,2671,78628.0,109832.8,557,15.2,515002,97933,338356
2026-04-28 03:42:32,2671,78628.0,109832.8,562,15.2,515002,97922,338367
2026-04-28 03:42:37,2671,78628.0,109832.8,567,15.2,515002,97921,338369
2026-04-28 03:42:42,2671,78628.0,109832.8,571,15.2,515002,98009,338282
2026-04-28 03:42:47,2671,78628.0,109832.8,576,15.2,515002,97951,338396
2026-04-28 03:42:52,2671,78628.0,109832.8,580,15.2,515002,97929,338418
2026-04-28 03:42:57,2671,78628.0,109832.8,585,15.2,515002,97912,338434
2026-04-28 03:43:02,2671,78628.0,109832.8,589,15.2,515002,97690,338710
2026-04-28 03:43:07,2671,78628.0,109832.8,593,15.2,515002,97367,338923
2026-04-28 03:43:12,2671,78628.0,109832.8,596,15.2,515002,97341,338893
2026-04-28 03:43:18,2671,78628.0,109832.8,600,15.2,515002,97505,338839
2026-04-28 03:43:23,2671,78628.0,109832.8,603,15.2,515002,97707,338637
2026-04-28 03:43:28,2671,78628.0,109832.8,607,15.2,515002,97908,338380
2026-04-28 03:43:33,2671,78628.0,109832.8,608,15.2,515002,97888,338400
2026-04-28 03:43:38,2671,78628.0,109832.8,611,15.2,515002,97891,338397
2026-04-28 03:43:43,2671,78628.0,109832.8,614,15.2,515002,97865,338476
2026-04-28 03:43:48,2671,78628.0,109832.8,617,15.2,515002,97919,338426
2026-04-28 03:43:53,2671,78628.0,109832.8,620,15.2,515002,97912,338434
2026-04-28 03:43:58,2671,78628.0,109832.8,623,15.2,515002,97916,338429
2026-04-28 03:44:03,2671,78628.0,109832.8,626,15.2,515002,97791,338610
2026-04-28 03:44:08,2671,78628.0,109832.8,628,15.2,515002,97300,339098
2026-04-28 03:44:13,2671,78628.0,109832.8,631,15.2,515002,97357,338892
2026-04-28 03:44:18,2671,78628.0,109832.8,633,15.2,515002,97353,338879
2026-04-28 03:44:23,2671,78628.0,109832.8,636,15.2,515002,97647,338694
2026-04-28 03:44:28,2671,78628.0,109832.8,638,15.2,515002,97880,338406
2026-04-28 03:44:33,2671,78628.0,109832.8,640,15.2,515002,97849,338437
2026-04-28 03:44:38,2671,78628.0,109832.8,642,15.2,515002,97826,338460
2026-04-28 03:44:43,2671,78628.0,109832.8,644,15.2,515002,97780,338506
2026-04-28 03:44:48,2671,78628.0,109832.8,647,15.2,515002,97864,338480
2026-04-28 03:44:53,2671,78628.0,109832.8,649,15.2,515002,97834,338510
2026-04-28 03:44:58,2671,78628.0,109832.8,651,15.2,515002,97818,338526
2026-04-28 03:45:03,2671,78628.0,109832.8,652,15.2,515002,97682,338716
2026-04-28 03:45:08,2671,78628.0,109832.8,654,15.2,515002,97202,339195
2026-04-28 03:45:13,2671,78628.0,109832.8,656,15.2,515002,97308,338995
2026-04-28 03:45:18,2671,78628.0,109832.8,658,15.2,515002,97261,338971
2026-04-28 03:45:23,2671,78628.0,109832.8,660,15.2,515002,97261,339080
2026-04-28 03:45:28,2671,78628.0,109832.8,661,15.2,515002,97600,338741
2026-04-28 03:45:33,2671,78628.0,109832.8,663,15.2,515002,97839,338447
2026-04-28 03:45:38,2671,78628.0,109832.8,665,15.2,515002,97829,338457
2026-04-28 03:45:43,2671,78628.0,109832.8,666,15.2,515002,97814,338472
2026-04-28 03:45:48,2671,78628.0,109832.8,668,15.2,515002,97810,338501
2026-04-28 03:45:53,2671,78628.0,109832.8,669,15.2,515002,97861,338483
2026-04-28 03:45:58,2671,78628.0,109832.8,671,15.2,515002,97866,338477
2026-04-28 03:46:03,2671,78628.0,109832.8,672,15.2,515002,97858,338485
2026-04-28 03:46:08,2671,78628.0,109832.8,674,15.2,515002,97739,338657
2026-04-28 03:46:13,2671,78628.0,109832.8,675,15.2,515002,97224,339172
2026-04-28 03:46:18,2671,78628.0,109832.8,676,15.2,515002,97313,338932
2026-04-28 03:46:23,2671,78628.0,109832.8,678,15.2,515002,97352,338988
2026-04-28 03:46:28,2671,78628.0,109832.8,679,15.2,515002,97632,338708
2026-04-28 03:46:34,2671,78628.0,109832.8,680,15.2,515002,97684,338616
2026-04-28 03:46:39,2671,78628.0,109832.8,681,15.2,515002,97785,338500
2026-04-28 03:46:44,2671,78628.0,109832.8,683,15.2,515002,97759,338525
2026-04-28 03:46:49,2671,78628.0,109832.8,682,15.2,515002,97752,338533
2026-04-28 03:46:54,2671,78628.0,109832.8,684,15.2,515002,97831,338516
2026-04-28 03:46:59,2671,78628.0,109832.8,685,15.2,515002,97785,338563
2026-04-28 03:47:04,2671,78628.0,109832.8,686,15.2,515002,97768,338580
2026-04-28 03:47:09,2671,78628.0,109832.8,687,15.2,515002,97750,338597
2026-04-28 03:47:14,2671,78628.0,109832.8,688,15.2,515002,97644,338755
2026-04-28 03:47:19,2671,78628.0,109832.8,689,15.2,515002,97157,339242
2026-04-28 03:47:24,2671,78628.0,109832.8,690,15.2,515002,97314,338919
2026-04-28 03:47:29,2671,78628.0,109832.8,691,15.2,515002,97342,339001
2026-04-28 03:47:34,2671,78628.0,109832.8,692,15.2,515002,97657,338686
2026-04-28 03:47:39,2671,78628.0,109832.8,693,15.2,515002,97778,338509
2026-04-28 03:47:44,2671,78628.0,109832.8,694,15.2,515002,97754,338534
2026-04-28 03:47:49,2671,78628.0,109832.8,695,15.2,515002,97752,338536
2026-04-28 03:47:54,2671,78628.0,109832.8,696,15.2,515002,97735,338604
2026-04-28 03:47:59,2671,78628.0,109832.8,697,15.2,515002,97804,338541
2026-04-28 03:48:04,2671,78628.0,109832.8,698,15.2,515002,97791,338554
2026-04-28 03:48:09,2671,78628.0,109832.8,699,15.2,515002,97775,338570
2026-04-28 03:48:14,2671,78628.0,109832.8,700,15.2,515002,97647,338752
2026-04-28 03:48:19,2671,78628.0,109832.8,700,15.2,515002,97151,339247
2026-04-28 03:48:24,2671,78628.0,109832.8,701,15.2,515002,97284,338972
2026-04-28 03:48:29,2671,78628.0,109832.8,702,15.2,515002,97258,339083
2026-04-28 03:48:34,2671,78628.0,109832.8,703,15.2,515002,97558,338782
2026-04-28 03:48:39,2671,78628.0,109832.8,704,15.2,515002,97738,338560
2026-04-28 03:48:44,2671,78628.0,109832.8,705,15.2,515002,97730,338555
2026-04-28 03:48:49,2671,78628.0,109832.8,705,15.2,515002,97714,338572
2026-04-28 03:48:54,2671,78628.0,109832.8,706,15.2,515002,97711,338575
2026-04-28 03:48:59,2671,78628.0,109832.8,707,15.2,515002,97806,338537
2026-04-28 03:49:04,2671,78628.0,109832.8,708,15.2,515002,97803,338540
2026-04-28 03:49:09,2671,78628.0,109832.8,708,15.2,515002,97793,338550
2026-04-28 03:49:14,2671,78628.0,109832.8,709,15.2,515002,97687,338711
2026-04-28 03:49:19,2671,78628.0,109832.8,710,15.2,515002,97204,339193
2026-04-28 03:49:24,2671,78628.0,109832.8,710,15.2,515002,97325,338906
2026-04-28 03:49:29,2671,78628.0,109832.8,711,15.2,515002,97358,338983
2026-04-28 03:49:34,2671,78628.0,109832.8,712,15.2,515002,97672,338669
2026-04-28 03:49:39,2671,78628.0,109832.8,712,15.2,515002,97889,338396
2026-04-28 03:49:44,2671,78628.0,109832.8,713,15.2,515002,97868,338417
2026-04-28 03:49:49,2671,78628.0,109832.8,714,15.2,515002,97850,338435
2026-04-28 03:49:55,2671,78628.0,109832.8,714,15.2,515002,97816,338469
2026-04-28 03:50:00,2671,78628.0,109832.8,715,15.2,515002,97902,338441
2026-04-28 03:50:05,2671,78628.0,109832.8,716,15.2,515002,97884,338459
2026-04-28 03:50:10,2671,78628.0,109832.8,715,15.2,515002,97866,338478
2026-04-28 03:50:15,2671,78628.0,109832.8,716,15.2,515002,97744,338651
2026-04-28 03:50:20,2671,78628.0,109832.8,716,15.2,515002,97259,339136
2026-04-28 03:50:25,2671,78628.0,109832.8,717,15.2,515002,97380,338849
2026-04-28 03:50:30,2671,78628.0,109832.8,717,15.2,515002,97377,338962
2026-04-28 03:50:35,2671,78628.0,109832.8,718,15.2,515002,97680,338658
2026-04-28 03:50:40,2671,78628.0,109832.8,719,15.2,515002,97849,338469
2026-04-28 03:50:45,2671,78628.0,109832.8,719,15.2,515002,97857,338427
2026-04-28 03:50:50,2671,78628.0,109832.8,720,15.2,515002,97831,338453
2026-04-28 03:50:55,2671,78628.0,109832.8,720,15.2,515002,97815,338468
2026-04-28 03:51:00,2671,78628.0,109832.8,721,15.2,515002,97897,338444
2026-04-28 03:51:05,2671,78628.0,109832.8,721,15.2,515002,97878,338463
2026-04-28 03:51:10,2671,78628.0,109832.8,722,15.2,515002,97863,338478
2026-04-28 03:51:15,2671,78684.8,110017.5,724,15.2,515002,97897,338444
2026-04-28 03:51:20,2671,79830.4,143900.6,723,15.5,515002,99011,337384
2026-04-28 03:51:25,2671,102868.4,143900.6,719,19.9,515002,121604,314790
2026-04-28 03:51:30,2671,126871.0,179859.0,718,24.6,515002,145841,290383
2026-04-28 03:51:35,2671,165932.1,211212.1,714,32.2,515002,184972,251362
2026-04-28 03:51:40,2671,182336.4,214016.9,710,35.4,515002,201598,234736
2026-04-28 03:51:45,2671,185862.7,217388.2,706,36.0,515002,205357,230921
2026-04-28 03:51:50,2671,189097.4,221014.5,702,36.7,515002,208592,227687
2026-04-28 03:51:55,2671,192729.1,224159.2,699,37.4,515002,212242,224037
2026-04-28 03:52:00,2671,196092.2,227303.8,695,38.0,515002,215580,220698
2026-04-28 03:52:05,2671,199236.9,230448.5,691,38.6,515002,218812,217525
2026-04-28 03:52:10,2671,202381.6,233593.2,687,39.2,515002,221961,214375
2026-04-28 03:52:15,2671,205526.2,236737.9,684,39.9,515002,225096,211240
2026-04-28 03:52:20,2671,209152.6,240364.2,680,40.6,515002,228620,207771
2026-04-28 03:52:25,2671,212410.5,243622.2,677,41.2,515002,231396,204993
2026-04-28 03:52:30,2671,62258.4,111914.2,673,12.0,515002,79615,356659
2026-04-28 03:52:35,2671,46222.9,77433.9,670,8.9,515002,65118,371105
2026-04-28 03:52:40,2671,46222.9,77433.9,667,8.9,515002,65221,371111
2026-04-28 03:52:45,2671,46222.9,77433.9,663,8.9,515002,65481,370798
2026-04-28 03:52:50,2671,46222.9,77433.9,660,8.9,515002,65589,370688
2026-04-28 03:52:55,2671,46222.9,77433.9,657,8.9,515002,65573,370704
2026-04-28 03:53:01,2671,46222.9,77433.9,653,8.9,515002,65564,370712
2026-04-28 03:53:06,2671,46222.9,77433.9,650,8.9,515002,65621,370713
2026-04-28 03:53:11,2671,47251.7,79415.7,711,9.1,515002,66584,369751
2026-04-28 03:53:16,2671,48195.7,80293.4,759,9.3,515002,67469,368866
2026-04-28 03:53:21,2671,90328.6,149154.9,755,17.5,515002,109793,326541
2026-04-28 03:53:26,2671,117672.1,149834.9,751,22.8,515002,137025,299309
2026-04-28 03:53:31,2671,121043.4,153206.2,748,23.5,515002,140283,296106
2026-04-28 03:53:36,2671,124868.0,157030.8,744,24.2,515002,143627,292760
2026-04-28 03:53:41,2671,127842.7,160005.5,741,24.8,515002,146720,289557
2026-04-28 03:53:46,2671,130987.4,163150.2,737,25.4,515002,149781,286440
2026-04-28 03:53:51,2671,134469.2,167343.1,734,26.1,515002,153338,282992
2026-04-28 03:53:56,2671,138059.5,170487.8,730,26.8,515002,157170,279160
2026-04-28 03:54:01,2671,80823.5,112850.5,727,15.6,515002,100030,336245
2026-04-28 03:54:06,2671,83713.2,115740.2,723,16.2,515002,102906,333368
2026-04-28 03:54:11,2671,86772.9,118799.9,720,16.8,515002,105955,330320
2026-04-28 03:54:16,2671,89636.4,121689.6,717,17.4,515002,108817,327499
2026-04-28 03:54:21,2671,90710.9,122737.8,713,17.6,515002,109938,326399
2026-04-28 03:54:26,2671,90710.9,122737.8,710,17.6,515002,109935,326403
2026-04-28 03:54:31,2671,90710.9,122737.8,707,17.6,515002,109924,326414
2026-04-28 03:54:36,2671,90710.9,122737.8,704,17.6,515002,109817,326572
2026-04-28 03:54:41,2671,90710.9,122737.8,701,17.6,515002,109338,327052
2026-04-28 03:54:46,2671,90710.9,122737.8,698,17.6,515002,109480,326744
2026-04-28 03:54:51,2671,90710.9,122737.8,694,17.6,515002,109472,326861
2026-04-28 03:54:56,2671,114359.1,158700.4,696,22.2,515002,133460,302874
2026-04-28 03:55:01,2671,108061.6,146824.0,693,20.9,515002,127445,308833
2026-04-28 03:55:06,2671,116202.2,148353.8,690,22.5,515002,135610,300668
2026-04-28 03:55:11,2671,119428.2,151810.2,687,23.1,515002,138831,297447
2026-04-28 03:55:16,2671,122503.0,154529.9,684,23.7,515002,141876,294402
2026-04-28 03:55:21,2671,125662.4,158637.8,681,24.4,515002,145077,291259
2026-04-28 03:55:26,2671,129278.8,161782.5,678,25.1,515002,148693,287643
2026-04-28 03:55:31,2671,132900.2,164927.1,675,25.8,515002,152271,284065
2026-04-28 03:55:36,2671,136044.9,168071.8,672,26.4,515002,155418,280918
2026-04-28 03:55:41,2671,139132.8,171159.8,670,27.0,515002,157912,278477
2026-04-28 03:55:46,2671,115958.6,147985.5,667,22.5,515002,134919,301361
2026-04-28 03:55:51,2671,118535.3,150761.9,664,23.0,515002,137511,298713
2026-04-28 03:55:57,2671,46367.5,78394.4,661,9.0,515002,65322,371012
2026-04-28 03:56:02,2671,46367.5,78394.4,659,9.0,515002,65531,370803
2026-04-28 03:56:07,2671,46367.5,78394.4,655,9.0,515002,65753,370525
2026-04-28 03:56:12,2671,46367.5,78394.4,653,9.0,515002,65736,370542
2026-04-28 03:56:17,2671,46367.5,78394.4,650,9.0,515002,65740,370538
2026-04-28 03:56:22,2671,46367.5,78394.4,648,9.0,515002,65714,370565
2026-04-28 03:56:27,2671,47385.2,79412.0,646,9.2,515002,66774,369523
2026-04-28 03:56:32,2671,47388.4,79415.7,695,9.2,515002,66782,369554
2026-04-28 03:56:37,2671,45460.7,77488.4,726,8.8,515002,64919,371417
2026-04-28 03:56:42,2671,45461.5,77488.4,723,8.8,515002,64906,371430
2026-04-28 03:56:47,2671,45461.5,77488.4,720,8.8,515002,64894,371442
2026-04-28 03:56:52,2671,45461.5,77488.4,717,8.8,515002,64883,371453
2026-04-28 03:56:57,2671,45461.5,77488.4,714,8.8,515002,64764,371627
2026-04-28 03:57:02,2671,45461.5,77488.4,711,8.8,515002,64273,372117
2026-04-28 03:57:07,2671,45461.5,77488.4,709,8.8,515002,64393,371887
2026-04-28 03:57:12,2671,45461.5,77488.4,706,8.8,515002,64431,371792
2026-04-28 03:57:17,2671,45512.7,77539.6,708,8.8,515002,64583,371751
2026-04-28 03:57:22,2671,2708.6,43569.2,705,0.5,515002,22736,413597
2026-04-28 03:57:27,2671,2507.8,43304.7,702,0.4,515002,22897,413375
2026-04-28 03:57:32,2671,2507.8,43304.7,699,0.4,515002,22876,413396
2026-04-28 03:57:37,2671,2867.0,42749.2,696,0.5,515002,23223,413049
2026-04-28 03:57:42,2671,38078.5,110876.6,693,7.3,515002,58592,377735
2026-04-28 03:57:47,2671,77424.6,144954.7,691,15.0,515002,98065,338265
2026-04-28 03:57:52,2671,36922.4,76798.6,689,7.1,515002,57553,378777
2026-04-28 03:57:57,2671,71059.1,110934.0,687,13.7,515002,91507,344822
2026-04-28 03:58:02,2671,71059.1,110934.0,688,13.7,515002,91374,345011
2026-04-28 03:58:07,2671,71059.1,110934.0,688,13.7,515002,90856,345526
2026-04-28 03:58:12,2671,71059.1,110934.0,689,13.7,515002,90919,345298
2026-04-28 03:58:17,2671,105137.1,145012.0,687,20.4,515002,125060,311267
2026-04-28 03:58:22,2671,105137.1,145012.0,684,20.4,515002,125305,311021
2026-04-28 03:58:27,2671,71001.7,110876.6,683,13.7,515002,91441,344830
2026-04-28 03:58:32,2671,71001.7,110876.6,684,13.7,515002,91406,344865
2026-04-28 03:58:37,2671,71001.7,110876.6,684,13.7,515002,91385,344886
2026-04-28 03:58:42,2671,71001.7,110876.6,685,13.7,515002,91353,344918
2026-04-28 03:58:47,2671,71001.7,110876.6,685,13.7,515002,91418,344911
2026-04-28 03:58:53,2671,71001.7,110876.6,686,13.7,515002,91391,344938
2026-04-28 03:58:58,2671,71001.7,110876.6,686,13.7,515002,91367,344961
2026-04-28 03:59:03,2671,71001.7,110876.6,687,13.7,515002,91226,345157
2026-04-28 03:59:08,2671,71001.7,110876.6,687,13.7,515002,90753,345629
2026-04-28 03:59:13,2671,71001.7,110876.6,687,13.7,515002,90862,345403
2026-04-28 03:59:18,2671,71001.7,110876.6,687,13.7,515002,90790,345426
2026-04-28 03:59:23,2671,71001.7,110876.6,688,13.7,515002,90803,345523
2026-04-28 03:59:28,2671,71001.7,110876.6,688,13.7,515002,91104,345222
2026-04-28 03:59:33,2671,71001.7,110876.6,689,13.7,515002,91338,344932
2026-04-28 03:59:38,2671,71001.7,110876.6,689,13.7,515002,91315,344955
2026-04-28 03:59:43,2671,71001.7,110876.6,690,13.7,515002,91292,344978
2026-04-28 03:59:48,2671,71001.7,110876.6,690,13.7,515002,91263,345008
2026-04-28 03:59:53,2671,71001.7,110876.6,690,13.7,515002,91333,344990
2026-04-28 03:59:58,2671,71001.7,110876.6,691,13.7,515002,91303,345020
2026-04-28 04:00:03,2671,71001.7,110876.6,691,13.7,515002,91268,345055
2026-04-28 04:00:08,2671,71001.7,110876.6,692,13.7,515002,91149,345229
2026-04-28 04:00:13,2671,71001.7,110876.6,692,13.7,515002,90628,345748
2026-04-28 04:00:18,2671,71001.7,110876.6,693,13.7,515002,90694,345543
2026-04-28 04:00:23,2671,71001.7,110876.6,693,13.7,515002,90700,345510
2026-04-28 04:00:28,2671,71001.7,110876.6,693,13.7,515002,90838,345483
2026-04-28 04:00:33,2671,71001.7,110876.6,694,13.7,515002,90990,345326
2026-04-28 04:00:38,2671,71001.7,110876.6,694,13.7,515002,91197,345068
2026-04-28 04:00:43,2671,71001.7,110876.6,695,13.7,515002,91183,345082
2026-04-28 04:00:48,2671,71001.7,110876.6,695,13.7,515002,91172,345093
2026-04-28 04:00:53,2671,71001.7,110876.6,695,13.7,515002,91191,345098
2026-04-28 04:00:58,2671,71001.7,110876.6,696,13.7,515002,91238,345084
2026-04-28 04:01:03,2671,71001.7,110876.6,696,13.7,515002,91222,345100
2026-04-28 04:01:08,2671,71001.7,110876.6,697,13.7,515002,91193,345129
2026-04-28 04:01:13,2671,71001.7,110876.6,697,13.7,515002,91077,345298
2026-04-28 04:01:18,2671,71001.7,110876.6,697,13.7,515002,90587,345789
2026-04-28 04:01:23,2671,71001.7,110876.6,698,13.7,515002,90691,345535
2026-04-28 04:01:28,2671,71001.7,110876.6,698,13.7,515002,90666,345545
2026-04-28 04:01:33,2671,71001.7,110876.6,698,13.7,515002,90992,345328
2026-04-28 04:01:38,2671,71001.7,110876.6,699,13.7,515002,91284,345026
2026-04-28 04:01:43,2671,71001.7,110876.6,699,13.7,515002,91222,345043
2026-04-28 04:01:48,2671,71001.7,110876.6,699,13.7,515002,91189,345076
2026-04-28 04:01:53,2671,71001.7,110876.6,700,13.7,515002,91162,345103
2026-04-28 04:01:58,2671,71001.7,110876.6,700,13.7,515002,91226,345097
2026-04-28 04:02:03,2671,71001.7,110876.6,701,13.7,515002,91198,345125
2026-04-28 04:02:08,2671,71001.7,110876.6,701,13.7,515002,91170,345152
2026-04-28 04:02:14,2671,71001.7,110876.6,701,13.7,515002,91140,345182
2026-04-28 04:02:19,2671,71001.7,110876.6,702,13.7,515002,91013,345363
2026-04-28 04:02:24,2671,71001.7,110876.6,702,13.7,515002,90530,345846
2026-04-28 04:02:29,2671,71001.7,110876.6,702,13.7,515002,90621,345588
2026-04-28 04:02:34,2671,71001.7,110876.6,702,13.7,515002,90694,345625
2026-04-28 04:02:39,2671,71001.7,110876.6,702,13.7,515002,90989,345330
2026-04-28 04:02:44,2671,71001.7,110876.6,703,13.7,515002,91186,345078
2026-04-28 04:02:49,2671,71001.7,110876.6,703,13.7,515002,91167,345097
2026-04-28 04:02:54,2671,71001.7,110876.6,703,13.7,515002,91147,345117
2026-04-28 04:02:59,2671,71001.7,110876.6,704,13.7,515002,91101,345208
2026-04-28 04:03:04,2671,71001.7,110876.6,704,13.7,515002,91146,345175
2026-04-28 04:03:09,2671,71001.7,110876.6,704,13.7,515002,91116,345206
2026-04-28 04:03:14,2671,71001.7,110876.6,705,13.7,515002,91090,345231
2026-04-28 04:03:19,2671,71001.7,110876.6,705,13.7,515002,90957,345419
2026-04-28 04:03:24,2671,71001.7,110876.6,705,13.7,515002,90460,345914
2026-04-28 04:03:29,2671,71001.7,110876.6,706,13.7,515002,90553,345711
2026-04-28 04:03:34,2671,71001.7,110876.6,706,13.7,515002,90509,345698
2026-04-28 04:03:39,2671,71001.7,110876.6,706,13.7,515002,90557,345760
2026-04-28 04:03:44,2671,71001.7,110876.6,707,13.7,515002,90851,345461
2026-04-28 04:03:49,2671,71001.7,110876.6,707,13.7,515002,91011,345250
2026-04-28 04:03:54,2671,71001.7,110876.6,707,13.7,515002,90994,345267
2026-04-28 04:03:59,2671,71001.7,110876.6,708,13.7,515002,90989,345272
2026-04-28 04:04:04,2671,71001.7,110876.6,708,13.7,515002,91067,345208
2026-04-28 04:04:09,2671,71001.7,110876.6,708,13.7,515002,91058,345266
2026-04-28 04:04:14,2671,71001.7,110876.6,708,13.7,515002,91039,345285
2026-04-28 04:04:19,2671,71001.7,110876.6,709,13.7,515002,91026,345298
2026-04-28 04:04:24,2671,71001.7,110876.6,709,13.7,515002,90960,345416
2026-04-28 04:04:29,2671,71001.7,110876.6,709,13.7,515002,90481,345896
2026-04-28 04:04:34,2671,71001.7,110876.6,710,13.7,515002,90535,345712
2026-04-28 04:04:39,2671,71001.7,110876.6,710,13.7,515002,90520,345691
2026-04-28 04:04:44,2671,71001.7,110876.6,710,13.7,515002,90712,345608
2026-04-28 04:04:49,2671,71001.7,110876.6,710,13.7,515002,90927,345352
2026-04-28 04:04:54,2671,71001.7,110876.6,711,13.7,515002,91072,345194
2026-04-28 04:04:59,2671,71001.7,110876.6,711,13.7,515002,91055,345211
2026-04-28 04:05:04,2671,71001.7,110876.6,711,13.7,515002,91016,345250
2026-04-28 04:05:09,2671,71001.7,110876.6,712,13.7,515002,91089,345233
2026-04-28 04:05:14,2671,71001.7,110876.6,712,13.7,515002,91076,345247
2026-04-28 04:05:19,2671,71001.7,110876.6,712,13.7,515002,91073,345250
2026-04-28 04:05:24,2671,71001.7,110876.6,712,13.7,515002,91059,345264
2026-04-28 04:05:29,2671,71001.7,110876.6,713,13.7,515002,90459,345917
2026-04-28 04:05:34,2671,71001.7,110876.6,713,13.7,515002,90657,345614
2026-04-28 04:05:40,2671,71001.7,110876.6,713,13.7,515002,90601,345610
2026-04-28 04:05:45,2671,71001.7,110876.6,713,13.7,515002,90657,345664
2026-04-28 04:05:50,2671,71001.7,110876.6,714,13.7,515002,90922,345398
2026-04-28 04:05:55,2671,71001.7,110876.6,714,13.7,515002,91097,345168
2026-04-28 04:06:00,2671,71001.7,110876.6,714,13.7,515002,91093,345172
2026-04-28 04:06:05,2671,71001.7,110876.6,714,13.7,515002,91070,345195
2026-04-28 04:06:10,2671,71001.7,110876.6,714,13.7,515002,91058,345252
2026-04-28 04:06:15,2671,71001.7,110876.6,715,13.7,515002,91140,345183
2026-04-28 04:06:20,2671,71001.7,110876.6,715,13.7,515002,91124,345199
2026-04-28 04:06:25,2671,71001.7,110876.6,715,13.7,515002,91124,345199
2026-04-28 04:06:30,2671,71001.7,110876.6,715,13.7,515002,90989,345388
2026-04-28 04:06:35,2671,71001.7,110876.6,716,13.7,515002,90504,345872
2026-04-28 04:06:40,2671,71001.7,110876.6,716,13.7,515002,90557,345654
2026-04-28 04:06:45,2671,71001.7,110876.6,716,13.7,515002,90544,345777
2026-04-28 04:06:50,2671,71001.7,110876.6,716,13.7,515002,90879,345442
2026-04-28 04:06:55,2671,71001.7,110876.6,717,13.7,515002,91078,345188
2026-04-28 04:07:00,2671,71001.7,110876.6,717,13.7,515002,91070,345196
2026-04-28 04:07:05,2671,71001.7,110876.6,717,13.7,515002,91054,345212
2026-04-28 04:07:10,2671,71001.7,110876.6,717,13.7,515002,91042,345278
2026-04-28 04:07:15,2671,71001.7,110876.6,718,13.7,515002,91133,345185
2026-04-28 04:07:20,2671,71001.7,110876.6,718,13.7,515002,91129,345188
2026-04-28 04:07:25,2671,71001.7,110876.6,718,13.7,515002,91119,345199
2026-04-28 04:07:30,2671,71001.7,110876.6,718,13.7,515002,91001,345370
2026-04-28 04:07:35,2671,71001.7,110876.6,718,13.7,515002,90711,345560
2026-04-28 04:07:40,2671,71001.7,110876.6,719,13.7,515002,90538,345667
2026-04-28 04:07:45,2671,71001.7,110876.6,719,13.7,515002,90638,345677
2026-04-28 04:07:50,2671,71001.7,110876.6,719,13.7,515002,90849,345466
2026-04-28 04:07:55,2671,71001.7,110876.6,719,13.7,515002,91017,345243
2026-04-28 04:08:00,2671,71001.7,110876.6,720,13.7,515002,91009,345250
2026-04-28 04:08:05,2671,71001.7,110876.6,720,13.7,515002,91004,345256
2026-04-28 04:08:10,2671,71001.7,110876.6,720,13.7,515002,91015,345290
2026-04-28 04:08:15,2671,71001.7,110876.6,720,13.7,515002,91037,345281
2026-04-28 04:08:20,2671,71001.7,110876.6,721,13.7,515002,91034,345283
2026-04-28 04:08:25,2671,71001.7,110876.6,721,13.7,515002,91031,345287
2026-04-28 04:08:30,2671,71001.7,110876.6,721,13.7,515002,90914,345458
2026-04-28 04:08:35,2671,71001.7,110876.6,721,13.7,515002,90440,345930
2026-04-28 04:08:40,2671,71001.7,110876.6,721,13.7,515002,90421,345789
2026-04-28 04:08:45,2671,71001.7,110876.6,722,13.7,515002,90424,345889
2026-04-28 04:08:50,2671,71001.7,110876.6,722,13.7,515002,90726,345588
2026-04-28 04:08:56,2671,71001.7,110876.6,722,13.7,515002,90978,345281
2026-04-28 04:09:01,2671,71001.7,110876.6,722,13.7,515002,90975,345284
2026-04-28 04:09:06,2671,71001.7,110876.6,722,13.7,515002,90966,345292
2026-04-28 04:09:11,2671,71001.7,110876.6,722,13.7,515002,90961,345298
2026-04-28 04:09:16,2671,71001.7,110876.6,722,13.7,515002,91056,345260
2026-04-28 04:09:21,2671,71001.7,110876.6,723,13.7,515002,91044,345272
2026-04-28 04:09:26,2671,71001.7,110876.6,723,13.7,515002,91044,345272
2026-04-28 04:09:31,2671,71001.7,110876.6,723,13.7,515002,90916,345454
2026-04-28 04:09:36,2671,71059.1,110934.0,724,13.7,515002,90488,345881
2026-04-28 04:09:41,2671,77658.6,145241.5,723,15.0,515002,97241,339018
2026-04-28 04:09:46,2671,100850.6,145241.5,721,19.5,515002,120519,315683
2026-04-28 04:09:51,2671,128988.2,182024.0,721,25.0,515002,148901,287411
2026-04-28 04:09:56,2671,164050.9,213397.6,719,31.8,515002,184303,251995
2026-04-28 04:10:01,2671,176362.5,216237.5,717,34.2,515002,196675,239582
2026-04-28 04:10:06,2671,179948.1,219823.1,716,34.9,515002,200259,235997
2026-04-28 04:10:11,2671,183011.7,223724.3,714,35.5,515002,203330,232926
2026-04-28 04:10:16,2671,186459.8,226908.4,713,36.2,515002,206874,229383
2026-04-28 04:10:21,2671,189993.8,230092.5,711,36.8,515002,210362,225957
2026-04-28 04:10:26,2671,193401.5,233276.5,709,37.5,515002,213743,222576
2026-04-28 04:10:31,2671,196585.6,236460.6,708,38.1,515002,216910,219409
2026-04-28 04:10:36,2671,199769.7,239644.7,706,38.7,515002,219872,216500
2026-04-28 04:10:41,2671,202898.3,243316.4,705,39.3,515002,222777,213524
2026-04-28 04:10:46,2671,206195.2,246070.2,703,40.0,515002,225909,210297
2026-04-28 04:10:51,2671,87820.9,147048.7,702,17.0,515002,110865,325451
2026-04-28 04:10:56,2671,38125.9,78000.7,700,7.4,515002,57959,378357
2026-04-28 04:11:01,2671,38125.9,78000.7,698,7.4,515002,58174,378131
2026-04-28 04:11:06,2671,38125.9,78000.7,697,7.4,515002,58174,378086
2026-04-28 04:11:11,2671,38125.9,78000.7,695,7.4,515002,58167,378094
2026-04-28 04:11:16,2671,38125.9,78000.7,694,7.4,515002,58157,378103
2026-04-28 04:11:21,2671,38125.9,78000.7,692,7.4,515002,58239,378078
2026-04-28 04:11:26,2671,38125.9,78000.7,691,7.4,515002,58233,378085
2026-04-28 04:11:31,2671,39163.6,79959.2,713,7.6,515002,59252,377066
2026-04-28 04:11:36,2671,39487.4,80316.7,736,7.6,515002,59611,376706
2026-04-28 04:11:41,2671,81597.3,150868.3,735,15.8,515002,101280,335091
2026-04-28 04:11:46,2671,111013.1,152245.2,733,21.5,515002,130749,305484
2026-04-28 04:11:52,2671,114754.3,155687.5,732,22.2,515002,134421,301784
2026-04-28 04:11:57,2671,118196.6,159129.7,730,22.9,515002,138067,298248
2026-04-28 04:12:02,2671,121323.3,162256.4,728,23.5,515002,141429,294840
2026-04-28 04:12:07,2671,124507.3,165440.5,726,24.1,515002,144750,291509
2026-04-28 04:12:12,2671,127691.4,168624.5,725,24.7,515002,147925,288335
2026-04-28 04:12:17,2671,130956.4,172870.0,723,25.4,515002,151216,285044
2026-04-28 04:12:22,2671,72892.4,113688.2,722,14.1,515002,93153,343164
2026-04-28 04:12:27,2671,76397.6,117646.8,720,14.8,515002,96631,339686
2026-04-28 04:12:32,2671,79391.1,120744.8,719,15.4,515002,99600,336718
2026-04-28 04:12:37,2671,82530.7,123326.4,717,16.0,515002,102708,333609
2026-04-28 04:12:42,2671,83592.1,124387.8,716,16.2,515002,103628,332742
2026-04-28 04:12:47,2671,83592.1,124387.8,714,16.2,515002,103266,333028
2026-04-28 04:12:52,2671,83592.1,124387.8,713,16.2,515002,103175,333029
2026-04-28 04:12:57,2671,83592.1,124387.8,711,16.2,515002,103178,333136
2026-04-28 04:13:02,2671,83592.1,124387.8,710,16.2,515002,103506,332808
2026-04-28 04:13:07,2671,83592.1,124387.8,708,16.2,515002,103744,332515
2026-04-28 04:13:12,2671,83592.1,124387.8,707,16.2,515002,103725,332534
2026-04-28 04:13:17,2671,103709.5,161190.3,708,20.1,515002,124041,312218
2026-04-28 04:13:22,2671,95628.7,147766.2,706,18.5,515002,115895,320364
2026-04-28 04:13:27,2671,108347.5,149143.1,705,21.0,515002,128525,307792
2026-04-28 04:13:32,2671,111789.7,152585.4,703,21.7,515002,131962,304355
2026-04-28 04:13:37,2671,114543.5,155339.1,702,22.2,515002,134714,301603
2026-04-28 04:13:42,2671,117643.1,159469.8,701,22.8,515002,137817,298499
2026-04-28 04:13:47,2671,121168.7,162651.5,699,23.5,515002,141218,295151
2026-04-28 04:13:52,2671,124718.8,165835.6,698,24.2,515002,144322,292023
2026-04-28 04:13:57,2671,128166.9,169019.6,696,24.8,515002,147853,288350
2026-04-28 04:14:02,2671,131407.9,172203.7,695,25.5,515002,151059,285254
2026-04-28 04:14:07,2671,107398.3,148194.1,694,20.8,515002,127346,308966
2026-04-28 04:14:12,2671,109463.7,150259.4,692,21.2,515002,129644,306613
2026-04-28 04:14:17,2671,112461.6,153271.4,691,21.8,515002,132650,303608
2026-04-28 04:14:22,2671,38133.6,78929.2,689,7.4,515002,58268,377989
2026-04-28 04:14:27,2671,38133.6,78929.2,688,7.4,515002,58283,378012
2026-04-28 04:14:32,2671,38133.6,78929.2,687,7.4,515002,58314,378001
2026-04-28 04:14:37,2671,38133.6,78929.2,685,7.4,515002,58296,378019
2026-04-28 04:14:43,2671,38133.6,78929.2,684,7.4,515002,58274,378041
2026-04-28 04:14:48,2671,38133.6,78929.2,683,7.4,515002,58148,378222
2026-04-28 04:14:53,2671,39163.6,79959.2,684,7.6,515002,58676,377693
2026-04-28 04:14:58,2671,39163.6,79959.2,709,7.6,515002,58791,377458
2026-04-28 04:15:03,2671,37103.5,77899.1,721,7.2,515002,56700,379504
2026-04-28 04:15:08,2671,37103.5,77899.1,719,7.2,515002,56763,379550
2026-04-28 04:15:13,2671,37103.5,77899.1,718,7.2,515002,57035,379278
2026-04-28 04:15:18,2671,37103.5,77899.1,717,7.2,515002,57258,379000
2026-04-28 04:15:23,2671,37103.5,77899.1,715,7.2,515002,57238,379020
2026-04-28 04:15:28,2671,37103.5,77899.1,714,7.2,515002,57224,379033
2026-04-28 04:15:33,2671,37103.5,77899.1,712,7.2,515002,57201,379057
2026-04-28 04:15:38,2671,37170.2,77967.8,714,7.2,515002,57284,379031
2026-04-28 04:15:43,2671,2577.6,43373.4,712,0.5,515002,22636,413680
2026-04-28 04:15:48,2671,2521.5,43315.6,711,0.4,515002,22703,413607
2026-04-28 04:15:53,2671,2521.5,43315.6,709,0.4,515002,22584,413780
2026-04-28 04:15:58,2671,16796.8,103884.1,708,3.2,515002,36468,399894
2026-04-28 04:16:03,2671,64010.8,103884.1,706,12.4,515002,83587,352658
2026-04-28 04:16:08,2671,76309.9,138187.7,705,14.8,515002,96138,340058
2026-04-28 04:16:13,2671,116138.9,185865.2,704,22.5,515002,136141,300166
2026-04-28 04:16:18,2671,50636.8,90510.1,702,9.8,515002,70861,365409
2026-04-28 04:16:23,2671,84688.4,138263.7,702,16.4,515002,105081,331170
2026-04-28 04:16:28,2671,98425.0,138263.7,701,19.1,515002,118640,317611
2026-04-28 04:16:33,2671,98425.0,138263.7,702,19.1,515002,118615,317636
2026-04-28 04:16:38,2671,98425.0,138263.7,702,19.1,515002,118714,317595
2026-04-28 04:16:43,2671,98425.0,138263.7,702,19.1,515002,118696,317613
2026-04-28 04:16:48,2671,101393.1,185941.2,702,19.6,515002,121855,314453
2026-04-28 04:16:53,2671,146102.5,185941.2,701,28.3,515002,166459,269849
2026-04-28 04:16:58,2671,146102.5,185941.2,699,28.3,515002,165878,270484
2026-04-28 04:17:03,2671,98425.0,138263.7,698,19.1,515002,118253,317999
2026-04-28 04:17:08,2671,98425.0,138263.7,698,19.1,515002,118216,317981
2026-04-28 04:17:13,2671,98425.0,138263.7,699,19.1,515002,118383,317924
2026-04-28 04:17:18,2671,98425.0,138263.7,699,19.1,515002,118558,317741
2026-04-28 04:17:23,2671,98425.0,138263.7,699,19.1,515002,118770,317481
2026-04-28 04:17:29,2671,98425.0,138263.7,699,19.1,515002,118752,317500
2026-04-28 04:17:34,2671,98425.0,138263.7,700,19.1,515002,118749,317503
2026-04-28 04:17:39,2671,98425.0,138263.7,700,19.1,515002,118772,317497
2026-04-28 04:17:44,2671,98425.0,138263.7,700,19.1,515002,118817,317487
2026-04-28 04:17:49,2671,98425.0,138263.7,700,19.1,515002,118811,317493
2026-04-28 04:17:54,2671,98425.0,138263.7,700,19.1,515002,118807,317497
2026-04-28 04:17:59,2671,98425.0,138263.7,700,19.1,515002,118443,317915
2026-04-28 04:18:04,2671,98425.0,138263.7,700,19.1,515002,118313,317935
2026-04-28 04:18:09,2671,98425.0,138263.7,701,19.1,515002,118264,317928
2026-04-28 04:18:14,2671,98425.0,138263.7,701,19.1,515002,118270,318032
2026-04-28 04:18:19,2671,98425.0,138263.7,701,19.1,515002,118561,317740
2026-04-28 04:18:24,2671,98425.0,138263.7,701,19.1,515002,118764,317482
2026-04-28 04:18:29,2671,98425.0,138263.7,702,19.1,515002,118762,317484
2026-04-28 04:18:34,2671,98425.0,138263.7,702,19.1,515002,118753,317493
2026-04-28 04:18:39,2671,98425.0,138263.7,702,19.1,515002,118760,317536
2026-04-28 04:18:44,2671,98425.0,138263.7,702,19.1,515002,118827,317477
2026-04-28 04:18:49,2671,98425.0,138263.7,702,19.1,515002,118820,317484
2026-04-28 04:18:54,2671,98425.0,138263.7,703,19.1,515002,118811,317493
2026-04-28 04:18:59,2671,98425.0,138263.7,703,19.1,515002,118689,317669
2026-04-28 04:19:04,2671,98425.0,138263.7,703,19.1,515002,118210,318147
2026-04-28 04:19:09,2671,98425.0,138263.7,703,19.1,515002,118319,317875
2026-04-28 04:19:14,2671,98425.0,138263.7,703,19.1,515002,118302,318000
2026-04-28 04:19:19,2671,98425.0,138263.7,704,19.1,515002,118622,317679
2026-04-28 04:19:24,2671,98425.0,138263.7,704,19.1,515002,118859,317387
2026-04-28 04:19:29,2671,98425.0,138263.7,704,19.1,515002,118833,317413
2026-04-28 04:19:34,2671,98425.0,138263.7,704,19.1,515002,118817,317429
2026-04-28 04:19:39,2671,98425.0,138263.7,704,19.1,515002,118783,317463
2026-04-28 04:19:44,2671,98425.0,138263.7,704,19.1,515002,118819,317484
2026-04-28 04:19:49,2671,98425.0,138263.7,705,19.1,515002,118793,317511
2026-04-28 04:19:54,2671,98425.0,138263.7,705,19.1,515002,118782,317521
2026-04-28 04:19:59,2671,98425.0,138263.7,705,19.1,515002,118640,317719
2026-04-28 04:20:04,2671,98425.0,138263.7,705,19.1,515002,118149,318208
2026-04-28 04:20:09,2671,98425.0,138263.7,705,19.1,515002,118199,318014
2026-04-28 04:20:14,2671,98425.0,138263.7,706,19.1,515002,118193,317998
2026-04-28 04:20:19,2671,98425.0,138263.7,706,19.1,515002,118473,317828
2026-04-28 04:20:24,2671,98425.0,138263.7,706,19.1,515002,118661,317631
2026-04-28 04:20:29,2671,98425.0,138263.7,706,19.1,515002,118697,317549
2026-04-28 04:20:34,2671,98425.0,138263.7,706,19.1,515002,118683,317563
2026-04-28 04:20:40,2671,98425.0,138263.7,707,19.1,515002,118671,317574
2026-04-28 04:20:45,2671,98425.0,138263.7,707,19.1,515002,118755,317549
2026-04-28 04:20:50,2671,98425.0,138263.7,707,19.1,515002,118749,317554
2026-04-28 04:20:55,2671,98425.0,138263.7,707,19.1,515002,118742,317562
2026-04-28 04:21:00,2671,98425.0,138263.7,707,19.1,515002,118609,317750
2026-04-28 04:21:05,2671,98425.0,138263.7,707,19.1,515002,118118,318238
2026-04-28 04:21:10,2671,98425.0,138263.7,707,19.1,515002,118231,318004
2026-04-28 04:21:15,2671,98425.0,138263.7,708,19.1,515002,118217,317973
2026-04-28 04:21:20,2671,98425.0,138263.7,708,19.1,515002,118502,317798
2026-04-28 04:21:25,2671,98425.0,138263.7,708,19.1,515002,118637,317608
2026-04-28 04:21:30,2671,98425.0,138263.7,708,19.1,515002,118870,317375
2026-04-28 04:21:35,2671,98425.0,138263.7,708,19.1,515002,118849,317396
2026-04-28 04:21:40,2671,98425.0,138263.7,708,19.1,515002,118822,317423
2026-04-28 04:21:45,2671,98425.0,138263.7,709,19.1,515002,118843,317459
2026-04-28 04:21:50,2671,98425.0,138263.7,709,19.1,515002,118851,317451
2026-04-28 04:21:55,2671,98425.0,138263.7,709,19.1,515002,118837,317465
2026-04-28 04:22:00,2671,98425.0,138263.7,709,19.1,515002,118819,317539
2026-04-28 04:22:05,2671,98425.0,138263.7,709,19.1,515002,118570,317785
2026-04-28 04:22:10,2671,98425.0,138263.7,709,19.1,515002,118316,317929
2026-04-28 04:22:15,2671,98425.0,138263.7,710,19.1,515002,118251,317937
2026-04-28 04:22:20,2671,98425.0,138263.7,710,19.1,515002,118311,317988
2026-04-28 04:22:25,2671,98425.0,138263.7,710,19.1,515002,118607,317692
2026-04-28 04:22:30,2671,98425.0,138263.7,710,19.1,515002,118794,317449
2026-04-28 04:22:35,2671,98425.0,138263.7,710,19.1,515002,118783,317460
2026-04-28 04:22:40,2671,98425.0,138263.7,711,19.1,515002,118774,317468
2026-04-28 04:22:45,2671,98425.0,138263.7,711,19.1,515002,118775,317517
2026-04-28 04:22:50,2671,98425.0,138263.7,711,19.1,515002,118853,317452
2026-04-28 04:22:55,2671,98425.0,138263.7,711,19.1,515002,118834,317472
2026-04-28 04:23:00,2671,98425.0,138263.7,711,19.1,515002,118808,317498
2026-04-28 04:23:05,2671,98425.0,138263.7,711,19.1,515002,118747,317612
2026-04-28 04:23:10,2671,98425.0,138263.7,712,19.1,515002,118335,317973
2026-04-28 04:23:15,2671,98425.0,138263.7,712,19.1,515002,118376,317817
2026-04-28 04:23:20,2671,98425.0,138263.7,712,19.1,515002,118365,317937
2026-04-28 04:23:25,2671,98425.0,138263.7,712,19.1,515002,118698,317604
2026-04-28 04:23:30,2671,98425.0,138263.7,712,19.1,515002,118901,317346
2026-04-28 04:23:35,2671,98425.0,138263.7,712,19.1,515002,118883,317363
2026-04-28 04:23:40,2671,98425.0,138263.7,712,19.1,515002,118861,317386
2026-04-28 04:23:45,2671,98425.0,138263.7,713,19.1,515002,118845,317455
2026-04-28 04:23:51,2671,98425.0,138263.7,713,19.1,515002,118920,317384
2026-04-28 04:23:56,2671,98425.0,138263.7,713,19.1,515002,118905,317399
2026-04-28 04:24:01,2671,98425.0,138263.7,713,19.1,515002,118894,317410
2026-04-28 04:24:06,2671,98425.0,138263.7,713,19.1,515002,118776,317581
2026-04-28 04:24:11,2671,98425.0,138263.7,713,19.1,515002,118404,317889
2026-04-28 04:24:16,2671,98425.0,138263.7,713,19.1,515002,118408,317784
2026-04-28 04:24:21,2671,98425.0,138263.7,713,19.1,515002,118394,317797
2026-04-28 04:24:26,2671,98425.0,138263.7,714,19.1,515002,118717,317585
2026-04-28 04:24:31,2671,98425.0,138263.7,714,19.1,515002,118867,317402
2026-04-28 04:24:36,2671,98425.0,138263.7,714,19.1,515002,118857,317390
2026-04-28 04:24:41,2671,98425.0,138263.7,714,19.1,515002,118841,317406
2026-04-28 04:24:46,2671,98425.0,138263.7,714,19.1,515002,118845,317402
2026-04-28 04:24:51,2671,98425.0,138263.7,714,19.1,515002,118896,317403
2026-04-28 04:24:56,2671,98425.0,138263.7,715,19.1,515002,118875,317424
2026-04-28 04:25:01,2671,98425.0,138263.7,715,19.1,515002,118850,317449
2026-04-28 04:25:06,2671,98425.0,138263.7,715,19.1,515002,118737,317617
2026-04-28 04:25:11,2671,98425.0,138263.7,715,19.1,515002,118246,318106
2026-04-28 04:25:16,2671,98425.0,138263.7,715,19.1,515002,118331,317867
2026-04-28 04:25:21,2671,98425.0,138263.7,715,19.1,515002,118315,317872
2026-04-28 04:25:26,2671,98425.0,138263.7,715,19.1,515002,118638,317659
2026-04-28 04:25:31,2671,98425.0,138263.7,716,19.1,515002,118884,317376
2026-04-28 04:25:36,2671,98425.0,138263.7,716,19.1,515002,118874,317368
2026-04-28 04:25:41,2671,98425.0,138263.7,716,19.1,515002,118866,317375
2026-04-28 04:25:46,2671,98425.0,138263.7,716,19.1,515002,118869,317373
2026-04-28 04:25:51,2671,98425.0,138263.7,716,19.1,515002,118933,317366
2026-04-28 04:25:56,2671,98425.0,138263.7,716,19.1,515002,118923,317376
2026-04-28 04:26:01,2671,98425.0,138263.7,717,19.1,515002,118903,317396
2026-04-28 04:26:06,2671,98425.0,138263.7,717,19.1,515002,118900,317399
2026-04-28 04:26:11,2671,98425.0,138263.7,717,19.1,515002,118285,318067
2026-04-28 04:26:16,2671,98425.0,138263.7,717,19.1,515002,118411,317880
2026-04-28 04:26:21,2671,98425.0,138263.7,717,19.1,515002,118330,317856
2026-04-28 04:26:26,2671,98425.0,138263.7,717,19.1,515002,118356,317941
2026-04-28 04:26:31,2671,98425.0,138263.7,717,19.1,515002,118676,317620
2026-04-28 04:26:36,2671,98425.0,138263.7,718,19.1,515002,118813,317428
2026-04-28 04:26:41,2671,98425.0,138263.7,718,19.1,515002,118788,317454
2026-04-28 04:26:46,2671,98425.0,138263.7,718,19.1,515002,118778,317463
2026-04-28 04:26:51,2671,98425.0,138263.7,718,19.1,515002,118762,317479
2026-04-28 04:26:56,2671,98425.0,138263.7,718,19.1,515002,118845,317454
2026-04-28 04:27:02,2671,98425.0,138263.7,718,19.1,515002,118825,317474
2026-04-28 04:27:07,2671,98425.0,138263.7,718,19.1,515002,118828,317470
2026-04-28 04:27:12,2671,98425.0,138263.7,718,19.1,515002,118705,317649
2026-04-28 04:27:17,2671,98425.0,138263.7,718,19.1,515002,118682,317669
2026-04-28 04:27:22,2671,98425.0,138263.7,719,19.1,515002,118301,317940
2026-04-28 04:27:27,2671,98425.0,138263.7,719,19.1,515002,118307,317878
2026-04-28 04:27:32,2671,98425.0,138263.7,719,19.1,515002,118328,317966
2026-04-28 04:27:37,2671,98425.0,138263.7,719,19.1,515002,118602,317693
2026-04-28 04:27:42,2671,98425.0,138263.7,719,19.1,515002,118794,317445
2026-04-28 04:27:47,2671,98425.0,138263.7,719,19.1,515002,118800,317439
2026-04-28 04:27:52,2671,98425.0,138263.7,719,19.1,515002,118789,317450
2026-04-28 04:27:57,2671,98425.0,138263.7,719,19.1,515002,118781,317458
2026-04-28 04:28:02,2671,98425.0,138263.7,720,19.1,515002,118861,317436
2026-04-28 04:28:07,2671,98425.0,138263.7,720,19.1,515002,118840,317456
2026-04-28 04:28:12,2671,98425.0,138263.7,720,19.1,515002,118831,317466
2026-04-28 04:28:17,2671,98425.0,138263.7,720,19.1,515002,118734,317617
2026-04-28 04:28:22,2671,98425.0,138263.7,720,19.1,515002,118238,318112
2026-04-28 04:28:27,2671,98425.0,138263.7,720,19.1,515002,118325,317874
2026-04-28 04:28:32,2671,98425.0,138263.7,720,19.1,515002,118289,317896
2026-04-28 04:28:37,2671,98425.0,138263.7,721,19.1,515002,118598,317697
2026-04-28 04:28:42,2671,98425.0,138263.7,721,19.1,515002,118846,317394
2026-04-28 04:28:47,2671,98425.0,138263.7,721,19.1,515002,118841,317399
2026-04-28 04:28:52,2671,98425.0,138263.7,721,19.1,515002,118825,317414
2026-04-28 04:28:57,2671,98425.0,138263.7,721,19.1,515002,118814,317425
2026-04-28 04:29:02,2671,98425.0,138263.7,721,19.1,515002,118848,317450
2026-04-28 04:29:07,2671,98425.0,138263.7,721,19.1,515002,118829,317469
2026-04-28 04:29:12,2671,98425.0,138263.7,721,19.1,515002,118821,317476
2026-04-28 04:29:17,2671,98425.0,138263.7,722,19.1,515002,118678,317674
2026-04-28 04:29:22,2671,98425.0,138263.7,722,19.1,515002,118192,318158
2026-04-28 04:29:27,2671,98425.0,138263.7,722,19.1,515002,118285,317954
2026-04-28 04:29:32,2671,98425.0,138263.7,722,19.1,515002,118261,317923
2026-04-28 04:29:37,2671,98425.0,138263.7,722,19.1,515002,118340,317953
2026-04-28 04:29:42,2671,98425.0,138263.7,722,19.1,515002,118619,317666
2026-04-28 04:29:47,2671,98425.0,138263.7,722,19.1,515002,118813,317425
2026-04-28 04:29:52,2671,98425.0,138263.7,722,19.1,515002,118805,317433
2026-04-28 04:29:57,2671,98425.0,138263.7,723,19.1,515002,118798,317440
2026-04-28 04:30:02,2671,98425.0,138263.7,723,19.1,515002,118832,317415
2026-04-28 04:30:08,2671,98425.0,138263.7,723,19.1,515002,118796,317448
2026-04-28 04:30:13,2671,98425.0,138263.7,723,19.1,515002,118789,317455
2026-04-28 04:30:18,2671,98425.0,138263.7,723,19.1,515002,118762,317482
2026-04-28 04:30:23,2671,98425.0,138263.7,723,19.1,515002,118664,317627
2026-04-28 04:30:28,2671,98425.0,138263.7,723,19.1,515002,118220,318071
2026-04-28 04:30:33,2671,98425.0,138263.7,723,19.1,515002,118310,317825
2026-04-28 04:30:38,2671,98425.0,138263.7,723,19.1,515002,118296,317943
2026-04-28 04:30:43,2671,98425.0,138263.7,723,19.1,515002,118586,317653
2026-04-28 04:30:48,2671,98425.0,138263.7,724,19.1,515002,118822,317361
2026-04-28 04:30:53,2671,98425.0,138263.7,724,19.1,515002,118805,317378
2026-04-28 04:30:58,2671,98425.0,138263.7,724,19.1,515002,118815,317369
2026-04-28 04:31:03,2671,98425.0,138263.7,724,19.1,515002,118801,317382
2026-04-28 04:31:08,2671,98425.0,138263.7,724,19.1,515002,118864,317419
2026-04-28 04:31:13,2671,98425.0,138263.7,724,19.1,515002,118851,317431
2026-04-28 04:31:18,2671,98425.0,138263.7,724,19.1,515002,118827,317456
2026-04-28 04:31:23,2671,98425.0,138263.7,724,19.1,515002,118693,317645
2026-04-28 04:31:28,2671,98425.0,138263.7,725,19.1,515002,118198,318138
2026-04-28 04:31:33,2671,98425.0,138263.7,725,19.1,515002,118316,317897
2026-04-28 04:31:38,2671,98425.0,138263.7,725,19.1,515002,118293,317878
2026-04-28 04:31:43,2671,98425.0,138263.7,725,19.1,515002,118521,317760
2026-04-28 04:31:48,2671,98425.0,138263.7,725,19.1,515002,118707,317554
2026-04-28 04:31:53,2671,98425.0,138263.7,725,19.1,515002,118864,317361
2026-04-28 04:31:58,2671,98425.0,138263.7,725,19.1,515002,118834,317391
2026-04-28 04:32:03,2671,98425.0,138263.7,725,19.1,515002,118815,317410
2026-04-28 04:32:08,2671,98425.0,138263.7,725,19.1,515002,118862,317385
2026-04-28 04:32:13,2671,98425.0,138263.7,726,19.1,515002,118868,317425
2026-04-28 04:32:18,2671,98425.0,138263.7,726,19.1,515002,118857,317436
2026-04-28 04:32:23,2671,98425.0,138263.7,726,19.1,515002,118832,317462
2026-04-28 04:32:28,2671,98425.0,138263.7,726,19.1,515002,118710,317637
2026-04-28 04:32:33,2671,98425.0,138263.7,726,19.1,515002,118265,318050
2026-04-28 04:32:38,2671,98425.0,138263.7,726,19.1,515002,118135,318046
2026-04-28 04:32:43,2671,98425.0,138263.7,726,19.1,515002,118167,318124
2026-04-28 04:32:48,2671,98425.0,138263.7,726,19.1,515002,118494,317797
2026-04-28 04:32:53,2671,98425.0,138263.7,727,19.1,515002,118701,317535
2026-04-28 04:32:58,2671,98425.0,138263.7,727,19.1,515002,118693,317542
2026-04-28 04:33:03,2671,98425.0,138263.7,727,19.1,515002,118683,317553
2026-04-28 04:33:08,2671,98425.0,138263.7,727,19.1,515002,118674,317607
2026-04-28 04:33:13,2671,98425.0,138263.7,727,19.1,515002,118658,317645
2026-04-28 04:33:19,2671,98425.0,138263.7,727,19.1,515002,118633,317670
2026-04-28 04:33:24,2671,98425.0,138263.7,727,19.1,515002,118611,317692
2026-04-28 04:33:29,2671,98425.0,138263.7,727,19.1,515002,118500,317858
2026-04-28 04:33:34,2671,98653.1,138491.8,727,19.1,515002,118233,318123
2026-04-28 04:33:39,2671,105442.7,186321.4,727,20.4,515002,125186,311060
2026-04-28 04:33:44,2671,128160.7,186321.4,726,24.8,515002,147954,288237
2026-04-28 04:33:49,2671,146853.2,186767.6,726,28.5,515002,166852,269449
2026-04-28 04:33:54,2671,188353.9,248755.2,725,36.5,515002,208725,227543
2026-04-28 04:33:59,2671,200457.9,281676.5,724,38.9,515002,221015,215231
2026-04-28 04:34:04,2671,240529.9,281676.5,723,46.7,515002,261155,175091
2026-04-28 04:34:09,2671,245563.8,285402.5,722,47.6,515002,265993,170253
2026-04-28 04:34:14,2671,249213.8,289052.5,721,48.3,515002,269664,166639
2026-04-28 04:34:19,2671,252635.0,292588.4,720,49.0,515002,273116,163187
